{"guid":{"value":"f138d1c2a38d325a-8f43d883a3f5c4e9"},"aspectRatio":1,"rotation":{"x":0,"y":0,"z":0},"center":{"x":-1.957386,"y":-2,"z":6.19652939},"unclampedSize":{"x":60,"y":60},"nodeSize":1,"collision":{"type":"Capsule","diameter":1,"height":2,"collisionOffset":0,"rayDirection":"Both","mask":{"value":2},"heightMask":{"value":1},"fromHeight":1000,"thickRaycast":false,"thickRaycastDiameter":1,"up":{"x":0,"y":1,"z":0},"collisionCheck":true,"heightCheck":true,"unwalkableWhenNoGround":false,"use2D":false},"maxClimb":0.4,"maxClimbAxis":1,"maxSlope":90,"erodeIterations":0,"erosionUseTags":false,"erosionFirstTag":1,"autoLinkGrids":false,"autoLinkDistLimit":10,"neighbours":"Eight","cutCorners":true,"penaltyPositionOffset":0,"penaltyPosition":false,"penaltyPositionFactor":1,"penaltyAngle":false,"penaltyAngleFactor":100,"textureData":{"enabled":false,"source":null,"factors":[0,0,0],"channels":["None","None","None"]},"initialPenalty":0,"open":true,"name":"Grid Graph","drawGizmos":true,"infoScreenOpen":true,"matrix":{"values":[1,0,0,0,0,1,0,0,0,0,1,0,-31.957386,-2,-23.80347,1]}}